{"success":true,"terms":"https:\/\/currencylayer.com\/terms","privacy":"https:\/\/currencylayer.com\/privacy","timestamp":1724987044,"source":"USD","quotes":{"USDAED":3.672901,"USDAFN":70.782963,"USDALL":90.158793,"USDAMD":388.51862,"USDANG":1.804989,"USDAOA":904.539852,"USDARS":950.2501,"USDAUD":1.471021,"USDAWG":1.8,"USDAZN":1.702795,"USDBAM":1.765091,"USDBBD":2.02221,"USDBDT":119.679255,"USDBGN":1.764208,"USDBHD":0.376873,"USDBIF":2892.868908,"USDBMD":1,"USDBND":1.302757,"USDBOB":6.920359,"USDBRL":5.629201,"USDBSD":1.001494,"USDBTC":1.6907903e-5,"USDBTN":83.967023,"USDBWP":13.282854,"USDBYN":3.277574,"USDBYR":19600,"USDBZD":2.018781,"USDCAD":1.34865,"USDCDF":2850.000052,"USDCHF":0.847303,"USDCLF":0.033163,"USDCLP":915.07986,"USDCNY":7.091704,"USDCNH":7.08744,"USDCOP":4126.88,"USDCRC":519.748925,"USDCUC":1,"USDCUP":26.5,"USDCVE":99.513555,"USDCZK":22.620099,"USDDJF":178.350157,"USDDKK":6.73635,"USDDOP":59.79053,"USDDZD":133.955988,"USDEGP":48.618397,"USDERN":15,"USDETB":106.310811,"USDEUR":0.90313,"USDFJD":2.20125,"USDFKP":0.778521,"USDGBP":0.759665,"USDGEL":2.694976,"USDGGP":0.778521,"USDGHS":15.673693,"USDGIP":0.778521,"USDGMD":70.499605,"USDGNF":8639.579799,"USDGTQ":7.747048,"USDGYD":209.515042,"USDHKD":7.794165,"USDHNL":24.816906,"USDHRK":6.868089,"USDHTG":132.05359,"USDHUF":354.759535,"USDIDR":15475.25,"USDILS":3.65997,"USDIMP":0.778521,"USDINR":83.8367,"USDIQD":1311.79788,"USDIRR":42092.52571,"USDISK":138.090134,"USDJEP":0.778521,"USDJMD":157.249931,"USDJOD":0.708698,"USDJPY":144.778499,"USDKES":128.949746,"USDKGS":85.056597,"USDKHR":4067.561043,"USDKMF":444.24993,"USDKPW":899.99992,"USDKRW":1334.72942,"USDKWD":0.30544,"USDKYD":0.834469,"USDKZT":482.12046,"USDLAK":22124.452868,"USDLBP":89581.291578,"USDLKR":300.527955,"USDLRD":195.30069,"USDLSL":17.714995,"USDLTL":2.952741,"USDLVL":0.60489,"USDLYD":4.767857,"USDMAD":9.715502,"USDMDL":17.376472,"USDMGA":4580.138893,"USDMKD":55.607449,"USDMMK":3247.960992,"USDMNT":3397.999407,"USDMOP":8.04137,"USDMRU":39.700677,"USDMUR":46.196299,"USDMVR":15.350168,"USDMWK":1736.670156,"USDMXN":19.851501,"USDMYR":4.314004,"USDMZN":63.899991,"USDNAD":17.711798,"USDNGN":1591.219941,"USDNIO":36.867066,"USDNOK":10.50365,"USDNPR":134.346839,"USDNZD":1.596033,"USDOMR":0.38496,"USDPAB":1.001503,"USDPEN":3.746869,"USDPGK":3.958359,"USDPHP":56.195503,"USDPKR":279.025581,"USDPLN":3.870563,"USDPYG":7663.046176,"USDQAR":3.650574,"USDRON":4.495904,"USDRSD":105.689001,"USDRUB":91.501678,"USDRWF":1330.361132,"USDSAR":3.752702,"USDSBD":8.475946,"USDSCR":13.537995,"USDSDG":601.50088,"USDSEK":10.228315,"USDSGD":1.30326,"USDSHP":0.778521,"USDSLE":22.847303,"USDSLL":20969.4682,"USDSOS":572.359426,"USDSRD":38.466497,"USDSTD":20697.981008,"USDSVC":8.761561,"USDSYP":2512.530194,"USDSZL":17.708667,"USDTHB":33.98298,"USDTJS":10.686395,"USDTMT":3.5,"USDTND":3.054451,"USDTOP":2.34045,"USDTRY":34.089197,"USDTTD":6.793594,"USDTWD":31.960797,"USDTZS":2709.99995,"USDUAH":41.279641,"USDUGX":3721.001593,"USDUYU":40.359736,"USDUZS":12693.52779,"USDVEF":3622552.534434,"USDVES":36.580228,"USDVND":24900,"USDVUV":118.721978,"USDWST":2.800923,"USDXAF":591.99491,"USDXAG":0.034021,"USDXAU":0.000397,"USDXCD":2.70255,"USDXDR":0.744103,"USDXOF":591.99491,"USDXPF":107.631008,"USDYER":250.324983,"USDZAR":17.764298,"USDZMK":9001.242625,"USDZMW":26.064826,"USDZWL":321.999592}}