{"success":true,"terms":"https:\/\/currencylayer.com\/terms","privacy":"https:\/\/currencylayer.com\/privacy","timestamp":1724904316,"source":"USD","quotes":{"USDAED":3.672897,"USDAFN":70.699947,"USDALL":89.996452,"USDAMD":387.63346,"USDANG":1.801187,"USDAOA":906.496504,"USDARS":948.507501,"USDAUD":1.470696,"USDAWG":1.8025,"USDAZN":1.702481,"USDBAM":1.756988,"USDBBD":2.017949,"USDBDT":119.183761,"USDBGN":1.757215,"USDBHD":0.376842,"USDBIF":2886.839658,"USDBMD":1,"USDBND":1.302873,"USDBOB":6.906496,"USDBRL":5.563605,"USDBSD":0.999412,"USDBTC":1.6903321e-5,"USDBTN":83.877053,"USDBWP":13.290153,"USDBYN":3.270704,"USDBYR":19600,"USDBZD":2.014544,"USDCAD":1.34645,"USDCDF":2846.000047,"USDCHF":0.840303,"USDCLF":0.033124,"USDCLP":913.99971,"USDCNY":7.114697,"USDCNH":7.114545,"USDCOP":4084,"USDCRC":525.712951,"USDCUC":1,"USDCUP":26.5,"USDCVE":99.056286,"USDCZK":22.5127,"USDDJF":177.970822,"USDDKK":6.6985,"USDDOP":59.569422,"USDDZD":133.75664,"USDEGP":48.6641,"USDERN":15,"USDETB":111.241292,"USDEUR":0.89785,"USDFJD":2.19785,"USDFKP":0.778521,"USDGBP":0.75708,"USDGEL":2.694996,"USDGGP":0.778521,"USDGHS":15.641128,"USDGIP":0.778521,"USDGMD":69.502327,"USDGNF":8621.44086,"USDGTQ":7.730211,"USDGYD":209.063428,"USDHKD":7.798415,"USDHNL":24.764745,"USDHRK":6.868089,"USDHTG":131.79656,"USDHUF":353.279849,"USDIDR":15390.5,"USDILS":3.665175,"USDIMP":0.778521,"USDINR":83.89625,"USDIQD":1309.251632,"USDIRR":42104.999793,"USDISK":137.310271,"USDJEP":0.778521,"USDJMD":156.519083,"USDJOD":0.708705,"USDJPY":144.491979,"USDKES":128.679636,"USDKGS":85.099594,"USDKHR":4064.124044,"USDKMF":443.049609,"USDKPW":899.99992,"USDKRW":1333.96497,"USDKWD":0.30532,"USDKYD":0.832858,"USDKZT":480.822527,"USDLAK":22056.227569,"USDLBP":89499.306027,"USDLKR":300.38045,"USDLRD":194.887504,"USDLSL":17.762845,"USDLTL":2.95274,"USDLVL":0.60489,"USDLYD":4.757627,"USDMAD":9.65472,"USDMDL":17.649833,"USDMGA":4559.113511,"USDMKD":55.356172,"USDMMK":3247.960992,"USDMNT":3397.999407,"USDMOP":8.02916,"USDMRU":39.536273,"USDMUR":46.229847,"USDMVR":15.360248,"USDMWK":1733.002143,"USDMXN":19.675615,"USDMYR":4.324994,"USDMZN":63.899991,"USDNAD":17.762845,"USDNGN":1589.539776,"USDNIO":36.78733,"USDNOK":10.483555,"USDNPR":134.204132,"USDNZD":1.589446,"USDOMR":0.384951,"USDPAB":0.999412,"USDPEN":3.737575,"USDPGK":3.949136,"USDPHP":56.289025,"USDPKR":278.292421,"USDPLN":3.860004,"USDPYG":7621.545869,"USDQAR":3.643575,"USDRON":4.469017,"USDRSD":105.088006,"USDRUB":91.500815,"USDRWF":1326.679573,"USDSAR":3.752555,"USDSBD":8.418105,"USDSCR":13.493515,"USDSDG":601.496955,"USDSEK":10.178335,"USDSGD":1.30166,"USDSHP":0.778521,"USDSLE":22.847303,"USDSLL":20969.4682,"USDSOS":571.169334,"USDSRD":28.814949,"USDSTD":20697.981008,"USDSVC":8.745413,"USDSYP":2512.530194,"USDSZL":17.755838,"USDTHB":33.952505,"USDTJS":10.663924,"USDTMT":3.51,"USDTND":3.035758,"USDTOP":2.34045,"USDTRY":34.12915,"USDTTD":6.77893,"USDTWD":31.925975,"USDTZS":2713.459021,"USDUAH":41.209176,"USDUGX":3718.26026,"USDUYU":40.227639,"USDUZS":12645.139266,"USDVEF":3622552.534434,"USDVES":36.546173,"USDVND":24865,"USDVUV":118.721978,"USDWST":2.800923,"USDXAF":589.277324,"USDXAG":0.033951,"USDXAU":0.000397,"USDXCD":2.70255,"USDXDR":0.742484,"USDXOF":589.274677,"USDXPF":107.136922,"USDYER":250.324997,"USDZAR":17.804405,"USDZMK":9001.197463,"USDZMW":25.910138,"USDZWL":321.999592}}